Year,Revenue,Costofrevenue,Sellingandmarketingexpense,Generalandadministrativeexpense,Productdevelopmentexpense,Depreciationandamortizationexpense,Totaloperatingcostsandexpenses,Operatingearnings(loss),"Interestincome(expense),net","Otherincome(expense),net",Income(loss)beforeincometax,Incometaxbenefit(provision),Netearnings(loss),Netearnings(loss)attributabletononcontrollinginterests,Netearnings(loss)attributabletoBumbleInc.shareholders,Ebitda_Earnings,Ebitda_Margin,gross_profit_margin,gross_profit
2023,1051830000,307835000,270380000,221649000,130565000,68028000,998457000,53373000,-21534000,-26537000,5302000,-7170000,-1868000,2345000,-4213000,121401000,12000,66.51417054,699616000
2022,903503000,"249,490,000","249,269,000",308855000,109020000,89713000,1006347000,-102844000,"-24,063,000",16189000,-110718000,-3406000,-114124000,-34378000,-79746000,-13131000,-1000,53.74946182,485628000
2021,760910000,"205,573,000","211,711,000",257489000,113764000,107056000,895593000,#VALUE!,"-24,574,000","3,160,000",-156097000,"437,837,000","281,740,000",-28075000,"309,815,000",-27627000,-4000,51.20934145,389657000
