year,sales_1000dollars,other_income_1000dollars,exp_1000dollars,total_revenue,gross_profit,profit_margin
2021,362341160,370278000,74140000,732619160,658479160,89.88014455
2022,378287770,296230000,81106000,674517770,593411770,87.97570596
2023,296694720,312665000,83196000,609359720,526163720,86.34698073
6066,1037323.65,979173,238442,2016496.65,1778054.65,264.2028312
,,,,,,
,,,,,,
,,,,,,
,,,,,,
